中辐院,中辐院,中辐院,中辐院,中辐院,中辐院,中辐院,中辐院,清华大学,兰州大学,兰州大学,中国矿业大学,四川大学,哈尔滨工程大学,安徽理工大学,大连理工大学,兰州大学,西南交通大学,中国地质大学,山西大学,电子科技大学,兰州大学,山西医科大学,西安交大,西北工业大学,太原理工大学,哈尔滨工程大学,北京邮电大学,对外经济贸易大学,中国石油大学,中南大学,清华大学,北京国家会计学院,华北电力大学,兰州大学,北京大学,清华大学,北京化工大学,国际关系学院,哈尔滨工业大学（威海）,华北电力大学,悉尼科技大学,河北大学,北京信息科技大学,成都理工大学,"北京协和
医学院","北京石油
化工学院","北京石油
化工学院","北京石油
化工学院","北京石油
化工学院",清华大学,"中国协和
医科大学","北京理工
大学",北京大学,"内蒙古 
财经学院",天津大学,"中央民族
大学","北京理工
大学","北京理工
大学","大连海洋
大学",四川大学,"北京化工
大学",四川大学,"成都理工
大学",四川大学,四川大学,四川大学,南华大学,"乐山师范
学院",黑龙江科技学院,清华大学,北京大学,清华大学,南京大学,中国原子能科学研究院,中国原子能科学研究院,中国原子能科学研究院,清华大学,清华大学,清华大学,清华大学,西安交通大学,中国原子能科学研究院,中国原子能科学研究院,中国原子能科学研究院,中国原子能科学研究院,中国原子能科学研究院,中国原子能科学研究院,北京交通大学,北京交通大学,北京化工大学,大连交通大学,南华大学,北京工业大学,北京理工大学,南华大学,南华大学,南华大学,中国原子能科学研究院,大连理工大学,加州大学,中国原子能科学研究院,中国原子能科学研究院,中国原子能科学研究院,中国原子能科学研究院,重庆大学,陕西科技大学,中国原子能科学研究院,南华大学,清华大学,中国原子能科学研究院,北京航空航天大学,中国地质大学（武汉）,中国原子能科学研究院,中国原子能科学研究院,中国原子能科学研究院,中国原子能科学研究院,中国原子能科学研究院,南华大学,哈尔滨工程大学,清华大学,北京大学,清华大学,清华大学,清华大学,清华大学,清华大学,清华大学,清华大学,中国原子能科学研究院,中国原子能科学研究院,中国原子能科学研究院,中国原子能科学研究院,中国原子能科学研究院,中国原子能科学研究院,中国原子能科学研究院,中国原子能科学研究院,中国原子能科学研究院,中国原子能科学研究院,中国原子能科学研究院,中国原子能科学研究院,中国原子能科学研究院,中国原子能科学研究院,天津大学,华北电力大学,重庆大学,哈尔滨工程大学,南华大学,华北电力大学,重庆大学,厦门大学,南华大学,南华大学,中国人民大学,天津大学,华中师范大学,华北电力大学,哈尔滨工程大学,中国农业大学,鞍山科技大学,江西师范大学,北京工业大学,北京工业大学,北京科技大学,中国矿业大学（北京）,兰州大学,北京工业大学,华北电力大学（河北）,华北电力大学,南华大学,南华大学,北京石油化工学院,南华大学,中国原子能科学研究院,北京师范大学,清华大学,中国原子能科学研究院,南华大学,清华大学,中国原子能科学研究院,北京邮电大学,重庆大学,中国石油大学,北京交通大学,华北电力大学,中国石油大学,华北电力大学,华北电力大学,中国原子能科学研究院,南华大学,清华大学,长春理工大学,哈尔滨理工大学,首都经济贸易大学,英国拉夫堡大学,中央财经大学,西北政法大学,北京石油化工学院,北京科技大学,首都医科大学,大连医科大学,中国原子能科学研究院,南华大学,南华大学,南华大学,南华大学,南华大学,南华大学,北京工商大学,南华大学,南华大学,南华大学,昆明理工大学,中国计量学院,兰州理工大学,河南理工大学,兰州大学,东华理工大学,东华理工大学,东华理工大学,东华理工大学,北京大学,中央财经大学,北京外国语大学,清华大学,首都师范大学,北京大学,中国矿业大学（北京）,香港中文大学,约翰霍普金斯大学,北京工业大学,中央财经大学,辽宁医学院,辽宁大学,华北电力大学,潍坊科技学院,山东科技大学,青岛科技大学,黑龙江工业学院 ,安徽建筑大学,闽南理工学院,集美大学,天津大学,美国肯塔基大学,山东大学,长安大学,西安建筑科技大学,陕西理工学院,重庆大学,重庆大学,西安理工大学,华北水利水电大学,华北水利水电大学,成都理工大学